id,kind,feature,legacy_source,placement,target_paths,tests,status,verification,milestone,notes
behavior:gui.audio_device_selection,behavior,gui.audio_device_selection,Code/Commando/dlgconfigaudiotab.cpp:409,engine/audio,engine/audio/output/audio_output.cppm;engine/audio/adapters/preferred_output.cppm;games/renegade/presentation/menu/audio_settings.cppm;games/renegade/hosts/game/main.cppm,games/renegade/hosts/game/menu_runtime_test.py,not_started,,1,Parent gui.audio_settings. Current-name match/first-device fallback; source Miles identities require reviewed portable capability mapping. Shared audio owns enumeration/reconfiguration; game owns labels/schema. Acceptance: SDL list selects actual adapter with non-silent delivered PCM; independent restart restores selection; unavailable stored device visibly falls back. No verification claim from this audit. Additional source anchors: Code/Commando/dlgconfigaudiotab.cpp:522. Shared/local composition placement: engine/audio;games/renegade/presentation/menu.
behavior:gui.audio_format_selectors,behavior,gui.audio_format_selectors,Code/Commando/dlgconfigaudiotab.cpp:252,engine/audio,games/renegade/presentation/menu/audio_settings.cppm;engine/audio/output/audio_output.cppm;engine/audio/mixing/mixer.cppm;games/renegade/hosts/game/main.cppm,games/renegade/presentation/menu/audio_settings.test;games/renegade/hosts/game/menu_runtime_test.py,not_started,,1,"Parent gui.audio_settings. Source 11025/22050/44100 Hz, 8/16-bit and independent stereo choices; current shared output fixes 48000 Hz and does not establish these semantics. Shared audio negotiates/emulates supported formats; authored choice set local. Acceptance: every choice via SDL combo/checkbox, effective output/resampling/quantization evidence and persisted restore; unsupported options represented honestly. No verification claim from this audit. Additional source anchors: Code/Commando/dlgconfigaudiotab.cpp:342;Code/Commando/dlgconfigaudiotab.cpp:537. Shared/local composition placement: engine/audio;games/renegade/presentation/menu."
behavior:gui.audio_speaker_selection,behavior,gui.audio_speaker_selection,Code/Commando/dlgconfigaudiotab.cpp:293,engine/audio,games/renegade/presentation/menu/audio_settings.cppm;engine/audio/mixing/spatial.cppm;games/renegade/hosts/game/main.cppm,games/renegade/presentation/menu/audio_settings.test;engine/audio/audio.test,not_started,,1,Parent gui.audio_settings. Source two speakers/headphones/surround/four speakers. Shared channel/spatial processing consumes supported semantics; labels/order local. Acceptance: all source indices through SDL and restart plus measurable actual channel mapping; integer preference/stereo buffer alone cannot prove acoustic parity. No verification claim from this audit. Additional source anchors: Code/Commando/dlgconfigaudiotab.cpp:561. Shared/local composition placement: engine/audio;games/renegade/presentation/menu.
behavior:gui.audio_device_apply_lifecycle,behavior,gui.audio_device_apply_lifecycle,Code/Commando/dlgconfigaudiotab.cpp:482,engine/audio,games/renegade/presentation/menu/audio_preferences.cppm;engine/audio/output/audio_output.cppm;games/renegade/hosts/game/main.cppm,games/renegade/presentation/menu/audio_preferences.test;games/renegade/hosts/game/menu_runtime_test.py,not_started,,1,"Parent gui.audio_persistence. Tech destruction applies every tab, saves selections and reopens only when device/bits/rate/stereo changed. Resource replacement shared; apply boundary local. Acceptance: each triggering field reopens once; unchanged/volume-only closes avoid reopen; audible playback survives and second process restores all values. No verification claim from this audit. Additional source anchors: Code/Commando/dlgconfigaudiotab.cpp:575;Code/Commando/dlgtechoptions.cpp:105. Shared/local composition placement: engine/audio;games/renegade/presentation/menu."
behavior:gui.combo_selection_input,behavior,gui.combo_selection_input,Code/wwui/comboboxctrl.cpp:393,engine/gui/w3d,engine/gui/w3d/value_controls.cppm;engine/gui/w3d/list_selection.cppm,engine/gui/wnd/tests/input/WNDInput.test.cppm,not_started,,1,"Parent gui.dialogs. Home/End/arrows/wheel and source notifications/handler-return semantics. Inspect shared WND GadgetComboBox before extracting compatible selection primitives; resource styles local. Acceptance: independent source tables for empty/single/multiple entries, boundaries/repeats/flipped wheel and exact notifications; Audio combo focus retained. No verification claim from this audit. Additional source anchors: Code/wwui/comboboxctrl.cpp:476;Code/wwui/comboboxctrl.cpp:626."
behavior:gui.combo_dropdown_lifecycle,behavior,gui.combo_dropdown_lifecycle,Code/wwui/comboboxctrl.cpp:553,engine/gui/w3d,engine/gui/w3d/dialog_input.cppm;engine/gui/w3d/list_selection.cppm,engine/gui/wnd/tests/input/WNDInput.test.cppm,not_started,,1,"Parent gui.dialogs. Pointer-down toggles dropdown; selection closes transient child/restores combo or embedded edit focus. Shared MVVM input/lifetime; caller styles/content. Acceptance: SDL open/select/outside click/Escape/reopen/parent close, transient disposal and one activation with no click-through. No verification claim from this audit. Additional source anchors: Code/wwui/comboboxctrl.cpp:580;Code/wwui/dropdownctrl.cpp:334;Code/wwui/dropdownctrl.cpp:419."
behavior:gui.combo_dropdown_appearance,behavior,gui.combo_dropdown_appearance,Code/wwui/comboboxctrl.cpp:122,engine/gui/w3d/rendering,engine/gui/w3d/rendering/list_view.cppm;engine/gui/w3d/rendering/button_view.cppm;engine/gui/text/renderer.cppm,engine/gui/w3d/rendering/text_view.test.cppm,not_started,,1,Parent gui.dialogs. Shared Renderer2D/font/image binding compose text rectangle/arrow/clipping/selected-disabled skin; game supplies IF_MENUPARTS9 atlas and palette. Acceptance: independent GPU geometry/UV/palette tests and reviewed retail open/disabled/overflow/screen-edge Audio dropdowns at multiple sizes. No verification claim from this audit. Additional source anchors: Code/wwui/comboboxctrl.cpp:262;Code/wwui/dropdownctrl.cpp:99;Code/wwui/dropdownctrl.cpp:220.
behavior:gui.scrollbar_model_input,behavior,gui.scrollbar_model_input,Code/wwui/scrollbarctrl.cpp:434,engine/gui/w3d,engine/gui/w3d/value_controls.cppm;engine/gui/w3d/list_selection.cppm,engine/gui/w3d/value_controls.test;engine/gui/w3d/list_selection.test,not_started,,1,"Parent gui.dialogs. Shared range/page/position, arrow/page/thumb drag and repeat; inspect WND list/slider primitives before adding equivalent state. Inject game timing/palette. Acceptance: independent zero/one/large range traces, thumb offsets, held arrows, track paging and outside release/capture loss. No verification claim from this audit. Additional source anchors: Code/wwui/scrollbarctrl.cpp:504;Code/wwui/scrollbarctrl.cpp:574;Code/wwui/scrollbarctrl.cpp:674."
behavior:gui.list_scrollbar_integration,behavior,gui.list_scrollbar_integration,Code/wwui/listctrl.cpp:680,engine/gui/w3d,engine/gui/w3d/list_selection.cppm;engine/gui/w3d/rendering/list_view.cppm,engine/gui/w3d/list_selection.test;engine/gui/w3d/rendering/text_view.test.cppm,not_started,,1,"Parent gui.list_selection. Source cumulative height >= bottom reveals scrollbar, narrows text/header and ranges to last-page-top. Existing single-column view does not establish scrollbar parity. Acceptance: exact-fit/one-pixel-over/variable-height oracle and real scrollbar input on long gallery/profiles/load; resize/deletion retains valid visible selection. No verification claim from this audit. Additional source anchors: Code/wwui/scrollbarctrl.cpp:766."
behavior:gui.list_columns_sort_icons,behavior,gui.list_columns_sort_icons,Code/wwui/listctrl.cpp:451,engine/gui/w3d,engine/gui/w3d/list_selection.cppm;engine/gui/w3d/rendering/list_view.cppm,engine/gui/w3d/list_selection.test;engine/gui/w3d/rendering/text_view.test.cppm,not_started,,1,"Parent gui.list_selection. Multi-column widths/clickable headers/sort markers/per-cell icons for Load/LAN. Shared caller row/comparator/icon handles; mission rank/date/name policy local; inspect WND GadgetListBox. Acceptance: 25/25/50 columns, sort toggles preserve identity selection, star clipping and duplicate/empty cases plus reviewed GPU captures. No verification claim from this audit. Additional source anchors: Code/Commando/dlgloadspgame.cpp:85;Code/Commando/dlgloadspgame.cpp:357;Code/Commando/dlgloadspgame.cpp:238."
behavior:gui.tab_skin_animation,behavior,gui.tab_skin_animation,Code/wwui/tabctrl.cpp:96,engine/gui/w3d/rendering,engine/gui/w3d/navigation.cppm;engine/gui/w3d/rendering/button_view.cppm;games/renegade/hosts/game/main.cppm,engine/gui/w3d/navigation.test;engine/gui/w3d/rendering/text_view.test.cppm,not_started,,1,"Parent gui.dialogs. Host plain captions omit original textured selector/bubble/glow. Shared geometry/animation state/painting accept caller atlas/colors/timing; source IF_MENUPARTS9 constants local. Acceptance: independently expected start/middle/settled frames and GPU skin, resize during motion, pointer/keyboard parity and retained child focus. No verification claim from this audit. Additional source anchors: Code/wwui/tabctrl.cpp:115;Code/wwui/tabctrl.cpp:745;Code/wwui/tabctrl.cpp:781."
behavior:gui.dialog_parent_default_commands,behavior,gui.dialog_parent_default_commands,Code/wwui/dialogbase.cpp:998,engine/gui/w3d,engine/gui/w3d/dialog_input.cppm;games/renegade/hosts/game/main.cppm,engine/gui/w3d/dialog_input.test;games/renegade/hosts/game/menu_runtime_test.py,in_progress,,1,Parent gui.dialog_input. Escape routes parent cancel; Enter from nonbutton/non-menu-entry sends parent IDOK then focused widget input. Host gallery/profile special cases are incomplete routing. Shared ordered dispatch accepts game bindings. Acceptance: traces for list/edit/checkbox/slider/button/entry plus modal/capture; exact parent/widget order and no duplicate save/play/load. No verification claim from this audit. Additional source anchors: Code/Commando/dlgloadspgame.cpp:489;Code/Commando/dlgcontrolsaveload.cpp:551.
behavior:gui.dialog_capture_loss,behavior,gui.dialog_capture_loss,Code/wwui/dialogmgr.cpp:772,engine/gui/w3d,engine/gui/w3d/dialog_input.cppm;engine/platform/adapters/sdl3/events/SDL3EventService.cppm;games/renegade/hosts/game/main.cppm,engine/gui/w3d/dialog_input.test;engine/platform/adapters/sdl3/events/events.test,not_started,,1,"Parent gui.dialog_input. Shared capture survives outside motion until valid release and clears on destruction/window focus loss; retained pressed state alone is insufficient. Acceptance: lose/regain focus and close popup/parent while every draggable widget held; release leaves no stale press, crash, unintended command or cross-dialog input. No verification claim from this audit. Additional source anchors: Code/wwui/dialogmgr.cpp:785;Code/wwui/dialogbase.cpp:1345."
behavior:gui.dialog_resource_focus_eligibility,behavior,gui.dialog_resource_focus_eligibility,Code/wwui/dialogbase.cpp:1586,engine/gui/w3d,engine/gui/w3d/dialog_input.cppm;engine/gui/w3d/navigation.cppm;games/renegade/hosts/game/main.cppm,engine/gui/w3d/dialog_input.test;engine/gui/w3d/navigation.test,in_progress,,1,"Parent gui.dialog_focus. Shared CanFocus supports visibility/enabled/focusable; game must bind complete resource/child eligibility; source default/group eligibility differ. Acceptance: independent resource WS_TABSTOP/group/visibility oracle through every shipped dialog, Shift-Tab/disabled boundaries/default focus and live-parent restore after modal close. No verification claim from this audit. Additional source anchors: Code/wwui/dialogbase.cpp:1168;Code/wwui/dialogbase.cpp:1204."
behavior:gui.dialog_stack_flush,behavior,gui.dialog_stack_flush,Code/wwui/dialogmgr.cpp:798,engine/gui/w3d,games/renegade/presentation/menu/navigation.cppm;games/renegade/hosts/game/main.cppm,games/renegade/presentation/menu/main_menu.test;games/renegade/hosts/game/menu_runtime_test.py,not_started,,1,"Parent gui.menu_close_feedback. Flush/rollback/end-game differ from ordinary Back. Game navigation/session requests own destinations; shared subscriptions/capture dispose safely. Acceptance: nested menus/modal rollback and flush verify disposal/focus/audio order, zero Back sounds during flush and clean reentry without settings loss. No verification claim from this audit. Additional source anchors: Code/wwui/dialogmgr.cpp:933;Code/wwui/menudialog.cpp:230. Shared/local composition placement: engine/gui/w3d;games/renegade/presentation/menu."
behavior:gui.text_edit,behavior,gui.text_edit,Code/wwui/editctrl.cpp:373,engine/gui/w3d,engine/gui/w3d/text_edit.cppm,engine/gui/w3d/text_edit.test;games/renegade/presentation/menu/control_profiles.test,in_progress,,1,Parent gui.dialogs. New shared TextEditModel selection/caret/edit/limit state; profile schema local. Inspect WND GadgetTextEntry for compatible extraction; source UTF-16 and scalar-boundary hardening documented. Acceptance: independent focus-select-all/mouse-drag/Shift/Ctrl/Home-End/Delete-Backspace/limit/disabled/Enter fixtures with WND regressions. No verification claim from this audit. Additional source anchors: Code/wwui/editctrl.cpp:629;Code/wwui/editctrl.cpp:694;Code/wwui/editctrl.cpp:1206.
behavior:gui.text_edit_rendering,behavior,gui.text_edit_rendering,Code/wwui/editctrl.cpp:135,engine/gui/w3d/rendering,engine/gui/w3d/rendering/text_edit_view.cppm;engine/gui/w3d/text_edit.cppm;engine/gui/text/renderer.cppm,engine/gui/w3d/text_edit.test;engine/gui/w3d/rendering/text_view.test.cppm;games/renegade/hosts/game/profiles_runtime_test.py,in_progress,,1,"Parent gui.dialogs. New shared text/highlight/caret/scroll view reuses existing font batching, caller font/palette and strict >500ms blink. Acceptance: independent GPU client/selection/caret/disabled/clip/scroll expectations, blink boundaries and retail typed-name captures at original/resized extents; first runtime pass does not close broader parity. No verification claim from this audit. Additional source anchors: Code/wwui/editctrl.cpp:258;Code/wwui/editctrl.cpp:470;Code/wwui/editctrl.cpp:1073."
behavior:gui.text_edit_clipboard,behavior,gui.text_edit_clipboard,Code/wwui/editctrl.cpp:694,engine/gui/w3d,,,not_started,,optional,"Optional modernization candidate, not an established original-parity requirement. Pinned wwui/EditCtrl::On_Key_Down (editctrl.cpp:694-839) has no Ctrl-X/C/V cases; On_Unicode_Char filters control characters below 32. Searches across wwui and Commando found no clipboard implementation. The previous source-backed clipboard inference was incorrect. Existing shared ClipboardService can support an optional portable extension; no game-native APIs. This row does not block original M1 scope. If added, validate Unicode selection copy/cut/paste, limits, disabled state and multiline filtering independently. No implementation or verification claim."
behavior:gui.text_edit_ime,behavior,gui.text_edit_ime,Code/wwui/editctrl.cpp:1312,engine/gui/w3d,engine/gui/w3d/text_edit.cppm;engine/gui/w3d/rendering/text_edit_view.cppm;engine/platform/input/TextInputService.cppm;engine/platform/adapters/sdl3/input/SDL3TextInputService.cppm;games/renegade/hosts/game/main.cppm,engine/gui/w3d/text_edit.test;engine/platform/adapters/sdl3/events/events.test,in_progress,,1,"Parent gui.text_edit. Composition events exist; full IME candidate/typing behavior unproven. Shared SDL text service owns OS IME and view composition; game supplies field rect/content policy. Acceptance: non-ASCII/supplementary composition/commit/cancel, modal/focus/resize traces plus actual OS candidate placement coverage. No verification claim from this audit. Additional source anchors: Code/wwui/editctrl.cpp:1337. Shared/local composition placement: engine/gui/w3d;engine/platform."
behavior:gui.tooltip_lifecycle,behavior,gui.tooltip_lifecycle,Code/wwui/tooltipmgr.cpp:132,engine/gui,engine/gui/w3d/dialog_input.cppm;engine/gui/text/renderer.cppm,engine/gui/wnd/tests/input/WNDInput.test.cppm,not_started,,1,"Parent gui.dialogs. Stationary-pointer delay/reset/control lookup and bounded placement shared; game supplies tooltip text/eligibility. Inspect WND tooltip plumbing. Acceptance: before/at/after delay, movement reset, destroyed control/dialog and screen edges, translated tooltip GPU capture using source tooltip font role. No verification claim from this audit. Additional source anchors: Code/wwui/tooltipmgr.cpp:119."
behavior:gui.image_control_assets,behavior,gui.image_control_assets,Code/wwui/imagectrl.cpp:135,engine/assets,engine/assets/texture/TextureAsset.cppm;engine/gui/w3d/rendering/button_view.cppm;games/renegade/content/presentation/asset_paths.cppm,engine/assets/texture/TextureAsset.test.cppm;engine/gui/w3d/rendering/text_view.test.cppm,not_started,,1,Parent gui.dialogs. Shared image binding/Renderer2D paints source frame/style; Renegade owns authored image names. Retail has esrb_rating.dds/if_menuparts9.dds instead of loose source TGA spellings. Acceptance: VFS/decode/GPU frame-disabled-clipping tests and missing-image fallback; require only image controls actually present in shipped templates. No verification claim from this audit. Additional source anchors: Code/wwui/imagectrl.cpp:158;Code/Commando/dlgmainmenu.cpp:203. Shared/local composition placement: engine/assets;engine/gui/w3d/rendering;games/renegade/content/presentation.
behavior:input.profile_catalog,behavior,input.profile_catalog,Code/Commando/inputconfigmgr.cpp:508,games/renegade/content/input,games/renegade/content/input/profile_catalog.cppm;games/renegade/presentation/menu/control_profiles.cppm,games/renegade/content/input/profile_catalog.test;games/renegade/presentation/menu/control_profiles.test,in_progress,,1,Parent input.profile/gui.controls. New game-local catalog imports legacy CONFIG.DAT and distinguishes builtin/default/custom/current identities. Screen sorts default then custom then other builtins then names then empty slot. Shared bounded chunk/file mechanisms reusable; source schema local. Acceptance: independent legacy/default/malformed/identity/order fixtures including non-ASCII; document ASCII-fold ordering difference. No verification claim from this audit. Additional source anchors: Code/Commando/inputconfigmgr.cpp:545;Code/Commando/dlgcontrolsaveload.cpp:501.
behavior:input.profile_persistence,behavior,input.profile_persistence,Code/Commando/inputconfigmgr.cpp:178,games/renegade/content/presentation,games/renegade/content/presentation/input_profile_store.cppm;games/renegade/content/input/profile_catalog.cppm;engine/filesystem/core/text_files.cppm,games/renegade/content/presentation/input_profile_store.test;games/renegade/content/input/profile_catalog.test;games/renegade/hosts/game/profiles_runtime_test.py,in_progress,,1,"Parent input.profile. New game-local Store combines portable profiles.dat and inputNN.cfg, legacy catalog/custom asset adoption and prior Input.cfg compatibility. Shared filesystem owns IO; game owns schema and builtin-to-localized-Custom policy. Acceptance: all dictionary/misc/acceleration fields roundtrip, first unused filename holes, second-process restore, default fallback and injected write/delete errors with truthful catalog/file state. No verification claim from this audit. Additional source anchors: Code/Commando/inputconfigmgr.cpp:385;Code/Commando/inputconfigmgr.cpp:430;Code/Commando/inputconfigmgr.cpp:465."
behavior:gui.control_profiles,behavior,gui.control_profiles,Code/Commando/dlgcontrolsaveload.cpp:75,games/renegade/presentation/menu,games/renegade/presentation/menu/control_profiles.cppm;games/renegade/hosts/game/main.cppm,games/renegade/presentation/menu/control_profiles.test;games/renegade/hosts/game/profiles_runtime_test.py,in_progress,,1,"Parent gui.controls. New game VM opens/selects empty slot, updates/disables name edit for builtin entries, dispatches Save/Load/Delete and Enter-save via shared text/list MVVM widgets. Acceptance: SDL pointer/keyboard all operations/prompts/empty-name/builtin protection/parent return plus GPU original/resized captures and independent profile restart. Coordinator reports first DX11 pass; broader runtime receipt is integrated centrally. No verification claim from this audit. Additional source anchors: Code/Commando/dlgcontrolsaveload.cpp:122;Code/Commando/dlgcontrolsaveload.cpp:453;Code/Commando/dlgcontrolsaveload.cpp:551."
behavior:gui.controls_profile_create,behavior,gui.controls_profile_create,Code/Commando/dlgcontrolsaveload.cpp:287,games/renegade/presentation/menu,games/renegade/presentation/menu/control_profiles.cppm;games/renegade/content/presentation/input_profile_store.cppm;games/renegade/hosts/game/main.cppm,games/renegade/presentation/menu/control_profiles.test;games/renegade/content/presentation/input_profile_store.test;games/renegade/hosts/game/profiles_runtime_test.py,in_progress,,1,"Parent gui.control_profiles. Empty-slot create requires nonempty name and first unused inputNN.cfg; Save/Load closes back to retained Controls. Source filenames/schema local, IO shared. Acceptance: pointer Save and typed Enter, occupied filename holes/empty-name modal, exact dictionary+misc+acceleration save and second-process current-profile/focus restore. No verification claim from this audit. Additional source anchors: Code/Commando/inputconfigmgr.cpp:430. Shared/local composition placement: games/renegade/presentation/menu;games/renegade/content/presentation."
behavior:gui.controls_profile_overwrite,behavior,gui.controls_profile_overwrite,Code/Commando/dlgcontrolsaveload.cpp:309,games/renegade/presentation/menu,games/renegade/presentation/menu/control_profiles.cppm;games/renegade/content/presentation/input_profile_store.cppm;games/renegade/hosts/game/main.cppm,games/renegade/presentation/menu/control_profiles.test;games/renegade/content/presentation/input_profile_store.test;games/renegade/hosts/game/profiles_runtime_test.py,in_progress,,1,"Parent gui.control_profiles. Custom Save prompts Yes/No, confirmed rename/write closes screen; builtin screen Save protected while implicit Controls-close Save may create Custom copy. Acceptance: Yes/No/Escape, edited names/bindings unchanged on cancel, exactly one intended write and correct parent return; independent process loads renamed data. No verification claim from this audit. Additional source anchors: Code/Commando/dlgcontrolsaveload.cpp:230."
behavior:gui.controls_profile_load,behavior,gui.controls_profile_load,Code/Commando/dlgcontrolsaveload.cpp:250,games/renegade/presentation/menu,games/renegade/presentation/menu/control_profiles.cppm;games/renegade/content/presentation/input_profile_store.cppm;games/renegade/hosts/game/main.cppm,games/renegade/presentation/menu/control_profiles.test;games/renegade/content/presentation/input_profile_store.test;games/renegade/hosts/game/profiles_runtime_test.py,in_progress,,1,"Parent gui.control_profiles. Selected Load sets current/reloads all Controls tabs/closes profile screen; game owns remap aliases/gates and camera-option lifetime. Acceptance: builtin/custom/empty guards, all five tabs reflect selected data without premature parent apply, second process restores selected identity and primary/secondary input mappings. No verification claim from this audit. Additional source anchors: Code/Commando/inputconfigmgr.cpp:356."
behavior:gui.controls_profile_delete,behavior,gui.controls_profile_delete,Code/Commando/dlgcontrolsaveload.cpp:150,games/renegade/presentation/menu,games/renegade/presentation/menu/control_profiles.cppm;games/renegade/content/presentation/input_profile_store.cppm;games/renegade/hosts/game/main.cppm,games/renegade/presentation/menu/control_profiles.test;games/renegade/content/presentation/input_profile_store.test;games/renegade/hosts/game/profiles_runtime_test.py,in_progress,,1,"Parent gui.control_profiles. Only custom profiles delete after Yes; deleting current reloads default. Current Store commits catalog before removing file, so failure divergence needs review. Acceptance: No/Yes/Escape/builtin/empty, current fallback vs noncurrent preservation, selection/tab reload and restart catalog/file agreement; injected remove/write failure stays truthful. No verification claim from this audit. Additional source anchors: Code/Commando/dlgcontrolsaveload.cpp:200;Code/Commando/inputconfigmgr.cpp:233. Shared/local composition placement: games/renegade/presentation/menu;games/renegade/content/presentation."
behavior:gui.controls_profile_apply_save,behavior,gui.controls_profile_apply_save,Code/Commando/dlgcontrols.cpp:139,games/renegade/presentation/menu,games/renegade/presentation/menu/controls_settings.cppm;games/renegade/content/presentation/input_profile_store.cppm;games/renegade/hosts/game/main.cppm,games/renegade/presentation/menu/controls_settings.test;games/renegade/content/presentation/input_profile_store.test;games/renegade/hosts/game/controls_runtime_test.py,in_progress,,1,"Parent gui.controls. Back/Escape applies all tabs and saves current; builtin implicit save creates localized Custom copy. New catalog replaced earlier single-file path. Acceptance: baseline Controls runtime after catalog changes, promotion once, full action/acceleration restart, nested remap/profile modals do not prematurely apply and source camera setting lifetime retained. No verification claim from this audit. Additional source anchors: Code/Commando/inputconfigmgr.cpp:385. Shared/local composition placement: games/renegade/presentation/menu;games/renegade/content/presentation."
behavior:gui.campaign_difficulty_preview,behavior,gui.campaign_difficulty_preview,Code/Commando/dialogtests.cpp:1397,games/renegade/presentation/menu,games/renegade/presentation/menu/navigation.cppm;games/renegade/hosts/game/main.cppm,games/renegade/presentation/menu/main_menu.test;games/renegade/hosts/game/menu_runtime_test.py,not_started,,1,"Parent gui.shell. Difficulty template opens but source focused Easy/Medium/Hard updates five localized characteristic fields or N/A when no choice focused. Three shipped buttons differ from fourth source command case. Game owns descriptors/table; shared observables paint. Acceptance: SDL focus/pointer/keyboard independently asserts five fields for every choice/N-A, reviewed GPU text and parent focus. No verification claim from this audit. Additional source anchors: Code/Commando/chat.rc:114."
behavior:gui.campaign_launch_requests,behavior,gui.campaign_launch_requests,Code/Commando/dialogtests.cpp:1042,games/renegade/session,games/renegade/presentation/menu/navigation.cppm;games/renegade/session/session.cppm;games/renegade/hosts/game/main.cppm,games/renegade/presentation/menu/main_menu.test;games/renegade/hosts/game/menu_runtime_test.py,not_started,,1,Parent gui.shell. Tutorial requests M00_Tutorial.mix/backdrop90/inventory+campaign reset; difficulty requests campaign or replay. Source map/difficulty/reset policy stays game-local; ECS SoA session owns world execution. Acceptance: exact typed handoff/order through SDL activation and safe cancel; menu request generation does not prove playable mission completion. No verification claim from this audit. Additional source anchors: Code/Commando/dialogtests.cpp:1470. Shared/local composition placement: games/renegade/session;games/renegade/presentation/menu.
behavior:gui.load_game_catalog,behavior,gui.load_game_catalog,Code/Commando/dlgloadspgame.cpp:85,games/renegade/content,games/renegade/presentation/menu/navigation.cppm;games/renegade/hosts/game/main.cppm,games/renegade/hosts/game/menu_runtime_test.py,not_started,,1,"Parent gui.shell. Existing template lacks source allowed mission MIX/SAV catalog, metadata/time/date/descriptions/rank stars/sort/first selection. Shared file metadata reusable; rank/unlock/save-description schemas local. Acceptance: independent allowed/filter/rank/corrupt/empty fixture oracle and real retail rows with reviewed selected/star/column captures. No verification claim from this audit. Additional source anchors: Code/Commando/dlgloadspgame.cpp:143;Code/Commando/dlgloadspgame.cpp:269;Code/Commando/dlgloadspgame.cpp:298. Shared/local composition placement: games/renegade/content;games/renegade/presentation/menu."
behavior:gui.load_game_delete_confirm,behavior,gui.load_game_delete_confirm,Code/Commando/dlgloadspgame.cpp:614,games/renegade/presentation/menu,games/renegade/presentation/menu/navigation.cppm;games/renegade/hosts/game/main.cppm,games/renegade/hosts/game/menu_runtime_test.py,not_started,,1,"Parent gui.shell. Delete only actual save files, never mission MIX; translated confirmation names row and removes row only on successful file delete. Shared removal, game eligibility. Acceptance: temporary test save SDL Delete/No/Yes, protected MIX, failed removal preserves truthful row, selection/focus and independent restart confirm only intended file removed. No verification claim from this audit. Additional source anchors: Code/Commando/dlgloadspgame.cpp:681;Code/Commando/dlgloadspgame.cpp:745."
behavior:gui.load_game_request_routing,behavior,gui.load_game_request_routing,Code/Commando/dlgloadspgame.cpp:514,games/renegade/presentation/menu,games/renegade/presentation/menu/navigation.cppm;games/renegade/session/session.cppm;games/renegade/hosts/game/main.cppm,games/renegade/hosts/game/menu_runtime_test.py,not_started,,1,"Parent gui.shell. Button/IDOK/double-click dispatch selected save-load or ranked-mission replay difficulty; map/save backdrop and inventory reset are local policy. Shared list emits activation. Acceptance: same typed request via all inputs, ranked context/no-selection guard/suspended-session shutdown trace; world restoration needs separate parity proof. No verification claim from this audit. Additional source anchors: Code/Commando/dlgloadspgame.cpp:663. Shared/local composition placement: games/renegade/presentation/menu;games/renegade/session."
behavior:gui.practice_launch_request,behavior,gui.practice_launch_request,Code/Commando/dlgmainmenu.cpp:301,games/renegade/session,games/renegade/presentation/menu/main_menu.cppm;games/renegade/presentation/menu/navigation.cppm;games/renegade/hosts/game/main.cppm,games/renegade/presentation/menu/main_menu.test;games/renegade/hosts/game/menu_runtime_test.py,not_started,,1,"Parent gui.shell. Practice disabled; source skirmish*.mix first then c&c_*.mix fallback, random choice, backdrop96/repeating one-map cycle. Policy/seed/request local; enumeration shared. Acceptance: injected candidate/random oracle for preferred/fallback/empty, exact request/cycle/backdrop/transition bypass and retail SDL activation; request does not prove playable practice. No verification claim from this audit. Additional source anchors: Code/Commando/dlgmainmenu.cpp:369. Shared/local composition placement: games/renegade/session;games/renegade/presentation/menu."
behavior:gui.multiplayer_local_name_option,behavior,gui.multiplayer_local_name_option,Code/Commando/dlgmultiplayoptions.cpp:71,games/renegade/presentation/menu,games/renegade/presentation/menu/navigation.cppm;games/renegade/hosts/game/main.cppm,games/renegade/hosts/game/menu_runtime_test.py,not_started,,1,"Parent gui.shell. Shipped Options resource166 includes ShowNamesOnSoldier local preference; WOL exclusion must not remove it. Shared checkbox/preferences, local schema and source exact-1 boolean normalization. Acceptance: pointer/Space Back/Escape save/reopen/independent restart; obsolete WOL fields visibly disabled without fake backend. Coordinator implementing this row after current suite. No verification claim from this audit. Additional source anchors: Code/Commando/dlgmultiplayoptions.cpp:113;Code/Commando/dlgmultiplayoptions.cpp:153."
behavior:gui.lan_menu_frontend,behavior,gui.lan_menu_frontend,Code/Commando/dlgmainmenu.cpp:391,games/renegade/presentation/menu,games/renegade/presentation/menu/navigation.cppm;engine/platform/network/NetworkService.cppm;games/renegade/hosts/game/main.cppm,games/renegade/hosts/game/menu_runtime_test.py,not_started,,1,"Parent gui.shell. LAN resource174 opens but discovery/host/join/nickname callbacks incomplete. Shared net/platform transport/interfaces; local server schema/validation/session requests. Acceptance: no-interface error, nickname rules, injected discovery add/update/remove, host/join/password/cancel and shutdown/return; actual network match separate. WOL exclusion does not exclude LAN. No verification claim from this audit. Additional source anchors: Code/Commando/dlgmplangamelist.cpp:106;Code/Commando/dlgmplangamelist.cpp:198;Code/Commando/dlgmpchangelannickname.cpp:79. Shared/local composition placement: games/renegade/presentation/menu;engine/net."
behavior:gui.lan_host_options_frontend,behavior,gui.lan_host_options_frontend,Code/Commando/dlgmplanhostoptions.cpp:97,games/renegade/presentation/menu,games/renegade/presentation/menu/navigation.cppm;games/renegade/hosts/game/main.cppm,games/renegade/hosts/game/menu_runtime_test.py,not_started,,1,"Parent gui.shell. Source active local Basic/Advanced/MapCycle/Victory/C&C options. Shared tabs/edit/list/values compose local package/team/economy/victory schema; ECS session executes world. Acceptance: independent tab enable/value tables, cycle add-remove-reorder/package filtering, validation/persisted host configuration and exact typed request; no world effect claim. No verification claim from this audit. Additional source anchors: Code/Commando/dlgmplanhostoptions.cpp:336;Code/Commando/dlgmplanhostoptions.cpp:633;Code/Commando/dlgmplanhostoptions.cpp:1037;Code/Commando/dlgmplanhostoptions.cpp:1607."
behavior:gui.main_backdrop_asset_lifecycle,behavior,gui.main_backdrop_asset_lifecycle,Code/Commando/dlgmainmenu.cpp:80,engine/assets,engine/assets/model/AnimationAsset.cppm;engine/graphics/scene/props/PropAssetBinding.cppm;games/renegade/presentation/menu/main_menu.cppm;games/renegade/hosts/game/main.cppm,games/renegade/presentation/menu/main_menu.test;games/renegade/hosts/game/menu_runtime_test.py,in_progress,,1,"Parent gui.menu_transition. Four retail models use shared assets; source gizmo IF_GIZMOBONE attachment, logo remove/restore and DisableMenuAnim differ from unconditional motion. Names/settings local. Acceptance: independent bone/camera/loop/visibility checks and GPU frames, disabled/missing animation, repeated navigation with no duplicate bindings/voices. No verification claim from this audit. Additional source anchors: Code/Commando/dlgmainmenu.cpp:146;Code/Commando/dlgmainmenu.cpp:430;Code/wwui/menubackdrop.cpp:148. Shared/local composition placement: engine/assets;engine/graphics;games/renegade/presentation/menu."
behavior:gui.main_transition_control_projection,behavior,gui.main_transition_control_projection,Code/Commando/mainmenutransition.cpp:156,games/renegade/presentation/menu,games/renegade/presentation/menu/main_menu.cppm;engine/assets/model/AnimationAsset.cppm;games/renegade/hosts/game/main.cppm,games/renegade/presentation/menu/main_menu.test;games/renegade/hosts/game/menu_runtime_test.py,in_progress,,1,"Parent gui.menu_transition. Frame segments insufficient: controls project animated bones through camera, popup/practice/model-invalid guards differ. Shared sampling/projection; authored names/segments local. Acceptance: independently expected frame anchors/aspect ratios, popup returns no inappropriate transition, long-frame clamp/hide, missing/disabled model handling and pointer/GPU alignment. No verification claim from this audit. Additional source anchors: Code/Commando/mainmenutransition.cpp:238;Code/Commando/dlgmainmenu.cpp:218;Code/Commando/dlgmainmenu.cpp:267. Shared/local composition placement: games/renegade/presentation/menu;engine/graphics."
behavior:gui.main_retail_version_caption,behavior,gui.main_retail_version_caption,Code/Commando/dlgmainmenu.cpp:188,games/renegade/content/presentation,games/renegade/content/presentation/strings.cppm;games/renegade/hosts/game/main.cppm,games/renegade/content/presentation/strings.test;games/renegade/hosts/game/menu_runtime_test.py,not_started,,1,"Parent gui.shell. Source updates version/build caption/hides nonbeta marker; template captions do not prove dynamic fields. Modern build identity is explicitly documented local substitution. Acceptance: GPU modern version/branding from actual metadata and hidden beta marker with preserved styles, no copied false legacy version or raw IDS descriptors. No verification claim from this audit. Additional source anchors: Code/Commando/dlgmainmenu.cpp:480;Code/Commando/chat.rc:200."
behavior:gui.menu_music_lifecycle,behavior,gui.menu_music_lifecycle,Code/Commando/gamemenu.cpp:116,engine/audio,engine/audio/mixing/mixer.cppm;games/renegade/presentation/menu/movie_audio.cppm;games/renegade/hosts/game/main.cppm,games/renegade/presentation/menu/movie_audio.test;games/renegade/hosts/game/gallery_runtime_test.py,in_progress,,1,Parent gui.interface_sounds. menu.mp3 loops TYPE_MUSIC priority1 active solo/no-game menu and stops inactive. Gallery restore is tested subset. Shared mixer routing; mode/file policy local. Acceptance: independent active/solo/multiplayer/muted/completed/gallery lifecycle traces with audible delivered PCM and no duplicate simultaneous music voices. No verification claim from this audit. Additional source anchors: Code/Commando/gamemenu.cpp:161. Shared/local composition placement: engine/audio;games/renegade/presentation/menu.
behavior:gui.credits_resize_text_replacement,behavior,gui.credits_resize_text_replacement,Code/wwui/textmarqueectrl.cpp:242,engine/gui/w3d,engine/gui/w3d/marquee.cppm;engine/gui/w3d/rendering/marquee_view.cppm;games/renegade/hosts/game/main.cppm,engine/gui/w3d/marquee.test;games/renegade/hosts/game/credits_runtime_test.py,in_progress,,1,"Parent gui.credits. Full retail roll receipt exists; nonzero-progress resize/repeated text replacement open. Expected source reset/continuity must be stated independently; shared layout/font services, local decode/style. Acceptance: source-reviewed scroll position after resize/replacement, no stale/lost rows/glyphs, wrap/reset and normal Back/focus/audio. No verification claim from this audit. Additional source anchors: Code/wwui/textmarqueectrl.cpp:504;Code/Commando/dlgcredits.cpp:60. Shared/local composition placement: engine/gui/w3d;games/renegade/presentation/menu."
behavior:content.menu_asset_resolution,behavior,content.menu_asset_resolution,Code/wwui/stylemgr.cpp:173,games/renegade/content/presentation,games/renegade/content/presentation/asset_paths.cppm;games/renegade/content/install/install_mount.cppm;engine/assets/texture/TextureAsset.cppm,games/renegade/content/presentation/intro_assets.test;games/renegade/content/install/install_mount.test,in_progress,,1,"Parent content.menu_style. Shared mounts/decoders/bindings; menu names/DDS aliases/font roles local. Inventory confirms always.dat IF_MENUPARTS9.dds and four menu W3Ds; metadata is not parity. Acceptance: explicit actual menu asset manifest resolves fonts/textures/models/animations/music/sounds/intros through precedence, dimensions plus nonempty meaningful GPU/PCM evidence. No verification claim from this audit. Additional source anchors: Code/wwui/tabctrl.cpp:115;Code/Commando/dlgmainmenu.cpp:87. Shared/local composition placement: games/renegade/content/presentation;engine/assets;engine/filesystem."
behavior:content.menu_localization_runtime,behavior,content.menu_localization_runtime,Code/wwui/dialogparser.cpp:264,games/renegade/content/presentation,games/renegade/content/presentation/strings.cppm;games/renegade/content/presentation/style.cppm;engine/gui/text/font_face.cppm;games/renegade/hosts/game/main.cppm,games/renegade/content/presentation/strings.test;games/renegade/content/presentation/style.test;games/renegade/hosts/game/menu_runtime_test.py,in_progress,,1,"Parent content.menu_strings. Descriptor/UTF16 slices exist; English receipts do not prove full localized widgets/live labels/fallback fonts. Language schema/game composition local, font/layout shared. Acceptance: alternate retail language or source fixtures through shipped dialogs/popups, missing/long/supplementary strings, no IDS leakage and caption/hit bounds aligned. No verification claim from this audit. Additional source anchors: Code/wwui/stylemgr.cpp:246. Shared/local composition placement: games/renegade/content/presentation;engine/gui/text."
behavior:gui.drawable_dpi_transition,behavior,gui.drawable_dpi_transition,Code/wwui/stylemgr.cpp:180,engine/platform,engine/platform/display/DisplayService.cppm;engine/platform/window/WindowService.cppm;games/renegade/content/presentation/style.cppm;games/renegade/hosts/game/main.cppm,games/renegade/content/presentation/style.test;games/renegade/hosts/game/menu_runtime_test.py,in_progress,,1,Parent gui.window_resize. Existing window resize excludes real monitor/DPI logical-vs-drawable transitions. Shared platform extent/scale and font/target rebuilds; source 800x600 style composition local. Acceptance: scale transition while menu/edit/list/dropdown/intro active; actual dimensions/transformed hit/caret candidate rect/fonts and retained selection/navigation. No verification claim from this audit. Additional source anchors: Code/wwui/stylemgr.cpp:254;Code/wwui/tabctrl.cpp:96. Shared/local composition placement: engine/platform;engine/gui;games/renegade/content/presentation.
behavior:video.menu_subtitles,behavior,video.menu_subtitles,Code/Commando/movie.cpp:194,engine/video,engine/video/adapters/MemorySource.cppm;engine/gui/text/renderer.cppm;games/renegade/presentation/menu/movie_gallery.cppm;games/renegade/hosts/game/main.cppm,games/renegade/presentation/menu/movie_gallery.test;games/renegade/hosts/game/gallery_runtime_test.py,not_started,,1,"Parent video.intros. Original supplies data/subtitle.ini/font. Shared timed captions reusable; original subtitle schema/files/font/locale local. Acceptance: independent parser/timing exact start/end/frame fixtures, skip/seek/cancel/absent file and GPU captions when real retail subtitle exists; otherwise record absence and fixture scope. Mission subtitles remain separately tracked. No verification claim from this audit. Additional source anchors: Code/BinkMovie/BINKMovie.cpp:218;Code/BinkMovie/subtitlemanager.cpp:64;Code/BinkMovie/subtitlemanager.cpp:348. Shared/local composition placement: engine/video;engine/gui/text;games/renegade/content."
behavior:video.menu_missing_corrupt_assets,behavior,video.menu_missing_corrupt_assets,Code/Commando/movie.cpp:153,games/renegade/presentation/menu,games/renegade/presentation/menu/intro.cppm;games/renegade/presentation/menu/movie_gallery.cppm;engine/video/adapters/MemorySource.cppm;games/renegade/hosts/game/main.cppm,games/renegade/presentation/menu/movie_gallery.test;games/renegade/content/presentation/intro_assets.test,in_progress,,1,"Parent video.virtual_source. VFS replaces CD paths/prompts; successful intros/gallery do not prove missing/truncated/undecodable media lifecycle. Shared decoder errors, game continuation/message/skip preference policy. Acceptance: fault-injected open/decode/end with no hung pending state, restoration once, proper skip-permission mutation and usable menu/error UI. No verification claim from this audit. Additional source anchors: Code/Commando/movie.cpp:182;Code/BinkMovie/BINKMovie.cpp:125. Shared/local composition placement: games/renegade/presentation/menu;engine/video."
